0,1
Government Distribution Chapter,1.2686079207737938e-06
Final Government Distribution,1.7176390191987786e-06
Energy Systems,1.1673661671793255e-05
Energy,1.4379578376211878e-05
Distribution Chapter,2.0383803343839335e-05
Energy policy,2.1043796331996812e-05
IPCC WGIII,2.3740341587889013e-05
Government Distribution,2.4833762987631396e-05
Energy System Transitions,2.7351167411875452e-05
Final Government,2.784579559577252e-05
global final energy,2.8288118857204865e-05
global energy system,3.0123356758385894e-05
Low-Carbon Energy System,3.0717116758810706e-05
Energy Storage,3.529845676779677e-05
total final energy,3.762534451734083e-05
renewable energy,4.0658849332416276e-05
energy storage systems,4.081298510277939e-05
Energy Rev.,4.4631666045090466e-05
future energy systems,4.5874256615788475e-05
Energy Systems Energy,5.270217981568375e-05
energy system changes,5.3071026685411646e-05
energy system mitigation,5.3490914948694267e-05
Net-zero Energy Systems,5.564276623852427e-05
emissions energy systems,5.850828540607485e-05
Global Energy,6.356831010201251e-05
Total pages,6.784538700161095e-05
Energy storage technologies,6.864288431557187e-05
Quote or Distribute,6.878963405744839e-05
renewable energy systems,7.060899472420589e-05
renewable energy sources,7.150178823898692e-05
Global energy sector,7.506391160331372e-05
wind energy,8.055170821887353e-05
carbon energy systems,8.185199282131943e-05
final energy,8.375102601620074e-05
energy sector,8.788522828760494e-05
Climate Change,9.229630321731662e-05
final energy consumption,9.424459503080238e-05
Energy systems integration,9.61302053697932e-05
Energy Res,0.00010209488610872778
low carbon energy,0.00010357259270533997
energy system costs,0.00011659486141137017
energy sector emissions,0.0001167782694534485
renewable energy production,0.00012885726411979541
Wind Energy Systems,0.00014288071132784966
Systems Energy systems,0.00014422760581159655
Energy Sources,0.00014504801433281081
renewable energy policy,0.00014704371404553827
Energy system policy,0.0001501475365472069
climate change mitigation,0.0001538889623440085
Air Energy Storage,0.00015976963683057946
GHG energy systems,0.00016328782793942746
integrated energy systems,0.0001799857467688764
Energy Climate change,0.00018535066483049925
solar energy,0.00019033015498069026
Climate Change Impacts,0.000194018644929301
global energy demand,0.00019789767552061164
hydrogen energy,0.0001996810214648696
energy power system,0.00020490249560869219
Distribute Total pages,0.00020937450202859566
European energy system,0.00020955113972601387
Systems,0.00021290178874990484
Global Energy Monitor,0.00022173403665837638
carbon energy,0.00022181090723646365
carbon energy sources,0.00022741539007070993
Chapter,0.00023402434997288663
energy system emissions,0.0002340331416242994
Total global energy,0.00023434669641691138
thermal energy storage,0.0002400835462855125
energy demand,0.00024051236081033912
Variable Renewable Energy,0.0002407658373417865
electricity,0.00025109648094097
final energy demand,0.00025242272492109654
Energy storage Policy,0.00025496614008323583
energy system transformation,0.00025866859736239196
offshore wind energy,0.0002592743184985799
energy efficiency,0.0002602028646002406
wind energy potentials,0.00026025768775510293
policy,0.00026117113451113106
change energy systems,0.00026535513342705824
net energy system,0.0002687193449784334
Energy Supply,0.0002687746846815938
Energy sector mitigation,0.00026964902737454036
total energy storage,0.00027218535043651426
Total energy,0.00027222391048686433
energy system impacts,0.0002722790422901585
System,0.0002724825132134976
energy sector GHG,0.00027291533228972014
electricity systems,0.00027298495920095883
Energy Environ,0.0002735807526899537
renewable energy generation,0.0002801095875569262
energy transition,0.0002804709976787879
wind energy resource,0.00028533530737052205
energy system decarbonization,0.00028989430003323113
Global Energy Supply,0.00029584225365278003
current energy systems,0.000300165319833417
energy supply systems,0.00030126825458248746
Energy Subsidies Energy,0.00030731556452573937
climate policy,0.00031115864404713514
power,0.000315368375024222
energy system GHG,0.0003265756558788549
